{
  "project_info": {
    "project_number": "45240335004",
    "firebase_url": "https://kaiser-505d2.firebaseio.com",
    "project_id": "kaiser-505d2",
    "storage_bucket": "kaiser-505d2.appspot.com"
  },
  "client": [
    {
      "client_info": {
        "mobilesdk_app_id": "1:45240335004:android:2b84d53b179caff35acb59",
        "android_client_info": {
          "package_name": "com.kaiser"
        }
      },
      "oauth_client": [
        {
          "client_id": "45240335004-mrg47g46b5847817jsqg274r8d05j6at.apps.googleusercontent.com",
          "client_type": 3
        }
      ],
      "api_key": [
        {
          "current_key": "AIzaSyBx59c7YbSpN3XEEkfbOaotUxQyYa45xQ8"
        }
      ],
      "services": {
        "appinvite_service": {
          "other_platform_oauth_client": [
            {
              "client_id": "45240335004-mrg47g46b5847817jsqg274r8d05j6at.apps.googleusercontent.com",
              "client_type": 3
            }
          ]
        }
      }
    },
    {
      "client_info": {
        "mobilesdk_app_id": "1:45240335004:android:5d8eb1a76f9d154b5acb59",
        "android_client_info": {
          "package_name": "com.r.kaiser"
        }
      },
      "oauth_client": [
        {
          "client_id": "45240335004-mrg47g46b5847817jsqg274r8d05j6at.apps.googleusercontent.com",
          "client_type": 3
        }
      ],
      "api_key": [
        {
          "current_key": "AIzaSyBx59c7YbSpN3XEEkfbOaotUxQyYa45xQ8"
        }
      ],
      "services": {
        "appinvite_service": {
          "other_platform_oauth_client": [
            {
              "client_id": "45240335004-mrg47g46b5847817jsqg274r8d05j6at.apps.googleusercontent.com",
              "client_type": 3
            }
          ]
        }
      }
    }
  ],
  "configuration_version": "1"
}